{
    "gen_params": {
        "sector": "tourism",
        "age_group": 1,
        "gender": "male",
        "nationality": "EU"
    },
    "educational_background": [
        {
            "degree": "Degree in tourism and tourist accommodation",
            "start_date": "September 2020",
            "end_date": "June 2024",
            "institution": "Mediterrani university school - eu mediterrani"
        }
    ],
    "professional_background": [],
    "skills": [],
    "languages": [
        "Spanish"
    ]
}