{
    "gen_params": {
        "sector": "tourism",
        "age_group": 1,
        "gender": "female",
        "nationality": "EU"
    },
    "educational_background": [
        {
            "degree": "Diploma in cooking",
            "start_date": "January 2024",
            "end_date": "January 2025",
            "institution": "Le cordon bleu paris cooking and pastry school"
        }
    ],
    "professional_background": [],
    "skills": [],
    "languages": [
        "Spanish"
    ]
}