{
    "gen_params": {
        "sector": "tourism",
        "age_group": 1,
        "gender": "male",
        "nationality": "EU"
    },
    "educational_background": [
        {
            "degree": "Higher education cycle for travel agencies and event management",
            "start_date": "January 2023",
            "end_date": "January 2025",
            "institution": "Universe"
        }
    ],
    "professional_background": [],
    "skills": [],
    "languages": [
        "German"
    ]
}